Geneid	gene_name	Chr	Length	202402-2401121737-SLA	202402-C01P026-Control	202402-C01P034-Control	202402-C01P040-Control	202402-C01P030-SLA	202402-2309211582-SLA	202402-C01P027-Control	202402-C01P039-SLA	202505S13-2411071506-SLA	202505S13-C01P035-SLA	202505S13-C01P148-SLA	202505S13-C01P038-SLA	202505S13-C01P041-SLA	202505S13-C01P022-SLA	202505S13-C01P086-Control	202505S13-C01P181-SLA	202505S15-C01P196-SLA	202505S15-C01P222-SLA	202505S15-C01P238-SLA	202505S15-C01P195-SLA	202505S15-C01P163-SLA	202505S15-C01P188-SLA	202505S15-C01P260-SLA	202505S15-C01P216-SLA	202408-C01P088-Control	202408-C01P073-SLA	202408-C01P075-SLA	202408-C01P094-Control	202408-C01P083-SLA	202408-C01P070-Control	202408-C01P090-SLA	202408-C01P095-Control	202505S14-C01P092-SLA	202505S14-C01P120-SLA	202505S14-C01P179-SLA	202505S14-C01P047-SLA	202505S14-C01P167-SLA	202505S14-C01P145-SLA	202505S14-C01P051-SLA	202505S14-C01P116-SLA	202401-C01P013-Control	202401-C01P017-Control	202401-C01P024-Control	202401-C01P003-Control	202401-C01P014-Control	202401-C01P012-Control	202401-C01P016-Control	202401-C01P023-Control	202404-C01P069-Control	202404-C01P059-Control	202404-C01P053-SLA	202404-C01P061-Control	202404-C01P068-Control	202404-C01P056-SLA	202404-C01P060-Control	202404-C01P057-SLA	202409-C01P089-SLA	202409-C01P128-SLA	202409-C01P006-SLA	202409-C01P035-SLA	202409-C01P082-SLA	202409-C01P154-SLA	202409-C01P135-SLA	202409-C01P138-SLA	202501-C01P138-SLA	202501-C01P135-SLA	202501-C01P082-SLA	202501-C01P253-SLA	202501-C01P128-SLA	202501-2406121482-SLA	202501-C01P089-SLA	202501-C01P006-SLA	202312-2306221774-SLA	202312-2106212448-SLA	202312-2108021909-SLA	202312-2306221661-SLA	202312-2309191962-SLA	202312-2307121892-SLA	202312-2306221684-Control	202312-2306221703-Control	202304-1409241167-SLA	202304-1912031641-SLA	202304-2006161710-SLA	202304-2105201539-SLA	202304-1810111440-Control	202304-2105181882-SLA	202304-2103051881-SLA	202304-2102111799-SLA	202501b-C01P278-SLA	202501b-C01P120-SLA	202501b-C01P276-SLA	202501b-C01P263-SLA	202501b-C01P269-SLA	202501b-C01P255-SLA	202501b-C01P159-SLA	202501b-C01P114-SLA
ENSG00000120948	TARDBP	1	4622	10865	10505	12881	8697	11089	17421	13737	10070	38935	33009	22733	27290	1076	30174	8468	5850	18301	26718	20773	27748	27619	21559	23059	19517	9167	6601	6766	8480	9131	15445	7423	4004	121696	5662	32836	12828	16274	17101	44327	28140	25871	36103	23378	40925	37361	31831	30242	30858	9653	5934	10192	4726	12734	2608	5977	10413	7690	3482	7092	7491	21089	154	5491	8600	8851	9534	23694	34363	2688	9577	15434	16393	30894	19760	11059	14557	18420	16518	21954	8014	18434	21939	27051	23173	36502	29854	28937	63889	25513	5	58878	16419	66718	14992	36979	52939
ENSG00000143801	PSEN2	1	3757	588	824	571	404	548	814	1075	591	3026	3110	1447	1776	171	1845	2168	876	1109	1266	1101	1674	1104	1261	1481	1455	1048	953	759	567	1325	827	562	568	9347	421	3178	1167	1414	813	2689	2106	1523	2058	2189	2774	2323	1544	2295	3069	784	1066	545	498	568	259	1241	652	323	554	357	499	741	479	1150	468	705	1881	1131	2598	644	751	1054	1516	1355	2652	2234	870	907	1055	1146	519	1055	1759	1621	1149	2939	2204	1973	6163	1213	0	3547	1291	3806	1084	1487	3097
ENSG00000021574	SPAST	2	5213	3377	4437	3986	2497	10450	4423	4206	4579	16033	19269	10992	11577	701	12022	2859	3158	7172	13468	6740	7560	8548	12148	10758	6500	2483	2186	2330	3563	3418	4004	4406	1848	50573	2288	11634	6998	4939	6475	19530	11178	10298	18121	8055	18715	11453	9693	11273	7131	2784	1603	2371	1697	3604	1334	1334	3478	2094	1600	2282	3594	6780	258	2005	2324	2190	4897	8940	12520	1695	4254	5229	5566	11718	7035	3871	6710	9583	4540	10505	3333	11885	10483	25602	24220	12959	17058	11684	17999	13777	0	19645	9059	29322	10288	15474	20631
ENSG00000116001	TIA1	2	6607	8442	6921	10646	4125	14694	9326	8320	5307	30162	27100	15509	13172	881	16925	5992	3614	10618	21441	11629	19693	16403	19052	17664	10859	5578	4340	5214	5572	5764	7425	8716	2664	90229	3548	20601	7788	11389	13491	28143	20681	18445	26401	19711	30378	24027	28702	13916	21367	6293	3186	5550	3093	6917	2582	3421	5946	3949	3306	3780	5069	9907	436	4367	4563	6173	7424	16966	22699	1979	7061	10875	9889	21379	10938	6044	14420	14070	11386	20209	5739	14232	15302	30811	22199	22995	20271	22465	46838	33982	1	41510	10753	50461	14882	32291	36220
ENSG00000204843	DCTN1	2	10439	18484	26703	11025	10029	11454	21181	25774	13459	48736	50398	30884	54873	2261	51217	49301	10457	27129	28166	28875	26848	35226	18293	26148	38562	32634	27588	18476	19746	36262	19427	12291	12914	211096	7585	48092	22355	19571	24505	57766	44634	34873	45355	66041	50794	48712	45710	33420	64467	14755	28458	16213	14397	15952	10711	25546	15145	8812	21569	9879	10793	17349	1008	22313	10360	18914	40352	40371	50848	20610	29317	22910	36963	36060	77565	51336	16842	22007	20761	17073	12152	25532	26897	23682	25722	53021	45492	40512	63778	18470	8	73977	29429	78138	16207	37955	71863
ENSG00000003393	ALS2	2	10381	4374	3418	4057	2692	5084	5868	4639	3820	11044	13579	8701	10309	528	8046	3336	3804	6771	9198	7787	7949	8976	7595	6109	7716	3560	3174	2147	2716	3478	4727	3063	2139	40027	1700	13533	5621	5595	5331	14666	10605	8235	12577	10737	8945	10542	14426	8807	7463	2889	1941	3279	1535	3856	1577	2428	3028	2105	1995	2470	2798	4023	752	2631	2512	3685	4458	7116	8249	1072	4167	5502	7465	9927	8846	4409	5227	6457	5919	6750	3155	6925	7469	11606	8083	12694	11701	9918	12403	9594	2	22227	4931	27610	6242	12320	14959
ENSG00000178568	ERBB4	2	13007	4	13	3	5	12	6	19	10	11	61	33	138	38	28	130	1329	23	100	24	98	17	88	20	15	25	24	6	19	17	2	50	15	27	0	23	0	2	4	14	10	9	38	9	51	30	35	849	30	12	9	3	10	17	10	18	5	3	85	4	9	8	472	74	5	0	187	7	22	101	192	2	31	11	481	468	56	22	1	84	3	48	17	51	39	22	30	28	468	36	0	52	27	130	22	53	52
ENSG00000127824	TUBA4A	2	4079	34736	39275	15330	16174	28557	40598	26958	28953	72689	77337	46316	74190	2782	105740	35317	19410	51406	43741	48614	38026	47398	37439	37153	57907	21880	22735	21445	26629	40720	26138	21890	16061	286005	12070	75093	41974	28113	39658	86454	74008	65195	77910	65747	81244	61909	65599	45508	49167	19907	25203	22761	14181	30365	18153	22368	21338	8284	19333	16437	13492	20381	161	16702	12695	27152	40430	55512	77705	20784	27026	28162	77838	47602	75278	32090	37010	49579	23118	36530	27735	70849	65149	62276	63921	69660	76798	64309	50945	34921	10	117366	43958	156919	39474	60037	128121
ENSG00000116106	EPHA4	2	7554	4178	4446	7954	2231	2824	4562	5626	2686	8559	6264	5676	6620	548	7519	3985	2767	7097	7848	7275	14263	8454	6986	7335	4127	2893	2706	1777	1591	4245	5054	2591	719	44201	2086	9853	3747	5365	4265	15503	10146	7807	9099	6354	12990	11717	15248	7420	17173	3585	2729	2892	1825	3622	992	1965	3566	1419	1687	2735	1325	2982	492	1947	1693	2436	2929	5771	11560	1456	5083	3386	9399	10442	4455	6346	4793	4075	3426	6849	2003	5137	6879	7435	6227	8375	8864	9270	1708	10491	1	10600	4244	20523	4184	14018	12019
ENSG00000083937	CHMP2B	3	3106	1350	1565	1174	813	2952	1504	1437	1654	6306	6716	3089	3461	134	4421	1324	1101	2353	3680	2156	2700	3093	3153	3220	2123	851	765	775	1173	1162	1442	1244	718	14735	905	3882	2302	1642	1839	6352	3480	3683	5178	3220	7025	3900	3637	4060	2687	899	589	722	480	1179	426	657	1061	720	417	760	1151	2228	105	598	741	1177	1382	3154	4952	440	964	2213	2355	3271	2028	1288	2076	2867	1646	3374	1032	3813	3799	6913	7099	4382	7053	4021	5406	4539	0	8600	2892	10313	2599	4600	7488
ENSG00000145321	GC	4	2381	1	0	1	2	2	0	1	1	3	0	13	32	0	13	34	419	7	23	8	10	5	26	4	12	2	1	1	3	13	1	8	3	20	12	2	0	0	0	12	2	2	5	3	8	5	2	302	3	6	3	2	0	11	3	8	0	2	27	2	0	0	169	17	1	11	44	0	14	0	188	2	3	1	167	208	1	7	0	29	1	9	6	23	21	3	5	3	111	18	0	18	4	44	5	12	1
ENSG00000137601	NEK1	4	7755	2487	1297	3471	1375	5265	2717	2037	1142	9152	7406	5079	3479	183	4723	1639	1722	3066	5939	2060	6396	4401	6244	3938	2098	1766	1244	1411	1480	1501	2169	3437	787	19867	1251	3811	3225	3054	2890	7218	4028	4447	6376	5077	9680	6263	8144	4980	5200	1494	561	1167	698	1706	603	674	1802	1112	939	1234	1701	3908	642	981	1815	2041	1306	5665	7923	340	2790	2533	2929	6381	3787	2507	3853	2933	3301	8062	1594	3997	5795	7421	9047	4447	4855	7426	11091	10037	1	13069	3313	14441	4331	9897	7993
ENSG00000113368	LMNB1	5	3635	6512	12578	8233	4491	20404	11596	6591	6746	19075	34793	25557	31223	634	36512	9411	4783	16482	18729	11508	8205	16621	14426	23504	12798	7892	7711	7401	11367	10862	8640	7649	5863	74451	4949	17648	12290	7722	10800	37326	20176	20198	30845	22645	33938	20072	18834	22020	16572	6276	4916	4427	5429	8172	3378	5916	9809	3347	3684	4830	7567	9898	310	5396	4743	6242	9969	12279	17269	4139	9506	7803	14082	16534	20153	15164	7938	16592	7861	13251	5204	20430	15998	32568	52413	22433	26839	15656	14863	22705	2	33821	16646	45733	12779	18394	43303
ENSG00000015479	MATR3	5	14669	14704	13579	25889	12726	37573	21440	18798	10992	96228	64955	40578	38429	2255	46651	18173	7620	25229	50679	24503	60334	36197	60545	44483	23898	11442	10090	11149	13126	13660	19551	26347	6957	181585	9761	44736	19015	25241	23494	62190	35511	40798	61164	41812	73352	55254	52603	37654	44515	13839	6065	13067	8455	18269	5516	6375	18116	10636	6480	10339	12412	35210	463	7851	11848	13611	12517	41902	58830	4655	28273	24066	29663	50797	22483	17852	28764	26199	21360	61566	14993	37642	47350	83190	101880	51971	56315	62918	136181	99966	3	100416	40926	120575	38592	91464	73463
ENSG00000113657	DPYSL3	5	7164	29	31	5	18	38	11	14	23	56	23	65	72	4	109	157	946	35	122	27	84	42	103	23	60	26	17	14	29	39	29	39	39	179	23	77	9	22	16	54	52	59	31	100	75	59	31	810	92	33	53	19	23	27	10	69	24	11	130	9	13	15	403	49	31	20	115	38	52	15	306	59	87	41	964	855	61	82	13	83	10	51	31	96	29	48	45	44	426	54	0	213	113	283	55	55	120
ENSG00000182578	CSF1R	5	5151	22649	28312	11386	11583	20365	33095	32156	25435	53431	77134	51801	87908	3228	56046	42573	16279	45019	36360	39041	32045	39798	27866	64393	75438	34147	26295	13161	25175	29785	19448	13591	18225	271587	9559	80307	47183	40931	38962	60672	56443	39042	63382	62530	86284	56715	51208	35991	92706	25118	29453	20365	11474	15691	9695	20810	24774	25786	13638	10120	14609	14150	769	22254	10700	21959	50255	37730	59195	14599	28531	80911	46071	46587	98839	54072	31285	33172	31844	32252	22329	39136	54706	51544	69627	82034	79398	49100	13257	18630	5	132966	47362	134678	27323	43141	92131
ENSG00000161011	SQSTM1	5	7664	16497	32089	9269	10102	21023	23128	29963	24282	65358	57768	36837	62338	3002	78300	43403	15464	35129	27145	27680	23542	30821	19999	21947	40625	25329	22981	16559	20814	32671	22800	13739	20212	266159	9875	60316	39652	22413	31269	72889	58439	38315	50228	53987	56580	48449	30449	43511	46332	12968	22614	14987	12944	17043	11087	18612	13240	12069	15026	10835	11012	19801	361	17570	12390	23548	38312	40048	60772	19040	23398	36546	39072	36017	89109	48076	20291	33316	21385	26331	15925	47318	54684	44003	48533	70109	88529	49365	64361	24834	3	94287	45771	106338	27082	42524	102023
ENSG00000095970	TREM2	6	1095	33	283	77	48	103	181	135	253	202	214	339	215	33	464	270	386	291	252	360	128	259	126	215	558	179	138	57	156	218	173	93	57	2276	35	492	130	146	282	251	487	325	527	181	317	345	171	670	358	72	178	92	91	126	64	177	108	43	113	97	54	67	146	99	46	71	366	230	118	140	0	164	459	257	625	468	129	202	98	110	159	288	172	426	213	446	417	348	704	98	0	237	158	855	163	254	762
ENSG00000112367	FIG4	6	3608	4902	5039	5774	3191	9529	7239	6181	5283	18923	19433	12188	14049	659	13904	4422	3722	7499	15198	9126	9583	10385	11371	12065	8031	3836	3068	3360	5263	4166	6133	4053	2762	65679	2780	16209	6808	7417	9105	23696	15980	14964	21147	11588	22827	17021	14565	15948	12432	3801	2180	3155	2159	3986	1775	2321	4088	3756	2152	2823	3709	11426	232	3094	3444	3766	6486	13717	14485	1589	3645	9012	6652	13682	10198	5353	7365	11268	7585	10385	3832	10642	10884	21428	17694	17150	18768	12018	48641	14735	3	26426	9216	33602	10420	16782	24799
ENSG00000122566	HNRNPA2B1	7	7541	55868	59689	52391	39001	53830	74177	59421	33552	167110	164874	91569	132718	3089	143276	77288	18042	67019	104107	75552	119789	102861	83642	102419	79098	56947	51053	42363	52708	60824	60978	37467	28607	509348	25076	116926	58628	69386	70854	167984	107858	109983	150534	156119	192609	149405	178020	95770	156151	42718	29063	38624	26016	49074	18491	29913	50158	32838	36421	34783	42557	66981	252	42737	36999	45383	62031	104127	126821	19519	56430	58875	91213	134792	124866	80808	59609	71358	78489	83458	30413	78585	89911	112082	94702	129540	128813	126836	199840	95051	11	256129	72761	241092	65707	153753	194329
ENSG00000188021	UBQLN2	X	3418	8511	7193	7320	3484	10391	10216	9155	9976	27539	29921	18242	21228	1414	21379	5620	5567	14053	14215	13809	14501	17158	13116	15443	16674	5502	4478	4134	4725	5978	8648	5327	2657	98136	4196	24795	11362	9617	15145	30913	19998	19809	23398	14504	26438	25811	16425	21456	18736	7661	5560	8006	3546	10193	2994	5494	7766	3665	2378	4374	4724	9687	124	3555	4807	7476	8521	18851	24919	2869	6926	13330	14429	20031	12684	8408	11149	11954	7845	20984	6475	19458	20262	30674	28903	29520	28948	25864	26251	23969	2	42490	17311	60208	13121	26042	42408
ENSG00000134014	ELP3	8	5390	5102	3858	5957	4268	4080	6912	5887	4154	23018	15689	8409	9315	606	11047	4596	3007	7121	9817	7590	13055	10445	9240	8591	7142	3105	2481	2150	3016	2821	6166	2860	1990	55076	2290	15981	4956	8491	8110	15769	10450	11338	17527	10352	19975	17269	15633	15197	13271	5478	2141	4796	1667	6513	978	2706	5111	3689	1389	3876	3376	10390	428	2350	3843	4227	4638	12458	18529	1246	4519	8161	8911	14137	7055	4158	5615	5963	7386	8327	3369	7092	11262	9463	11582	12991	12687	13360	26419	9605	2	28388	9360	28678	7373	16441	22922
ENSG00000147894	C9orf72	9	6061	6786	5519	10609	5332	46469	9535	5609	8342	26596	48112	24871	22244	827	28253	4213	7456	15809	27176	8824	21979	16731	32426	36659	11716	2339	2400	2715	6206	3610	7279	11442	4659	104908	5888	22633	10793	9004	15737	30195	23424	18389	30545	12692	40317	17404	20837	14080	10255	4995	1433	3400	2619	7555	3599	1497	7349	5005	1939	4133	9364	9130	169	3365	3015	2936	4751	12344	18040	734	10899	11594	9665	23837	7956	5072	18440	19154	8747	27573	6383	19383	15722	68528	71695	19019	34291	24221	8497	65518	3	42649	22966	75761	26789	29993	46970
ENSG00000147955	SIGMAR1	9	2196	2415	1503	1871	906	1904	2393	2459	1518	6680	4683	2823	3389	205	4610	3476	1271	2593	3055	3024	4874	3320	3083	2683	3527	2177	1932	1544	1279	2417	2028	1964	767	26928	729	5477	2356	2812	2834	5296	4230	3848	4343	4704	6194	5421	5659	3718	4897	1551	1857	1699	1029	1835	664	1735	1302	1033	1790	895	813	1695	343	1603	1073	2319	4386	4922	5652	2095	2085	3042	4113	4212	5604	4995	3157	2214	2546	4269	1463	3427	3465	6083	4813	4912	6482	7611	5014	4641	1	10432	3544	12474	2885	6230	8363
ENSG00000165280	VCP	9	5438	22086	31474	12909	11221	19090	26322	27981	18259	69629	73450	44522	66268	3632	66894	40781	12550	29880	35155	36333	26014	39123	23253	34033	41781	29953	27239	16777	20799	33782	25891	15302	15015	259313	10748	59850	29550	23702	37119	77688	61620	50794	71841	77537	73614	62237	61940	50714	73132	21871	22417	19943	14802	22225	10425	20640	23959	12303	20005	12217	15210	27283	433	19270	12774	21406	36958	54569	63772	14219	25703	36349	46029	48555	69269	37502	18509	32153	29219	18375	14360	36213	35354	39028	42601	59863	55134	51235	67573	27217	3	97291	47040	106374	25143	44324	108420
ENSG00000090054	SPTLC1	9	3658	5220	4938	4620	3260	6656	6280	4503	4363	17099	18794	9271	13273	514	16250	3130	3163	6742	11214	7978	9055	9698	8984	10764	7729	3204	2653	2433	3844	4023	5207	3612	2006	48234	2410	13090	5612	6433	6845	21217	11519	10840	15094	9741	19077	13410	13837	10162	8949	3293	1802	2928	1679	4018	1379	2029	4215	2882	1933	2949	4008	5552	330	2518	2653	3298	4413	8850	14002	1327	4989	7133	9150	11384	8043	4247	7052	8196	6554	8737	3228	8196	8642	14400	13831	12139	12874	11501	16451	11405	0	24403	9206	28302	7968	16125	20664
ENSG00000107290	SETX	9	12140	87322	89121	73308	47378	150436	77379	70616	61946	285596	317647	198428	222922	12668	219859	72146	33968	103298	218874	123426	136619	149608	182057	196568	100054	55260	47791	42281	61987	59681	80291	75696	39639	910030	53491	186602	98836	94237	122125	298669	192505	191119	256349	177878	345277	207038	234242	143383	157904	59458	29482	44123	33034	64354	25594	25640	73552	33695	31012	39683	60640	104494	1295	35753	33303	44866	60353	178270	205578	22298	66362	94440	127408	187882	135812	57621	104812	131036	100696	129985	53596	179699	159227	324060	266825	209074	241089	223333	293593	262921	15	373969	167149	501222	150897	263069	361704
ENSG00000123240	OPTN	10	5121	11018	13660	10039	9957	19877	17326	13616	8732	31198	32797	17585	24865	482	18986	11523	3704	26401	12270	7867	16154	11905	18871	14923	14186	14026	11379	17555	13338	16089	12765	6541	13061	126762	3338	17728	54042	11323	10678	23373	44013	11166	21640	24587	29146	23257	17755	14861	32326	13437	9840	11422	5580	13321	10665	8408	8892	6548	9484	14695	8228	14645	366	10197	23000	28431	16178	17739	54080	5644	19721	13430	37685	29083	33665	14343	10998	32873	22463	28147	10192	20849	50690	16028	23688	17312	16418	12952	19630	17379	2	76360	18129	38608	20687	28856	44171
ENSG00000026103	FAS	10	3562	3080	4128	4427	2283	14535	4486	3022	3615	13695	20572	15530	8796	469	10271	3360	2413	5691	9977	5565	5142	7182	11595	12291	5358	2400	1429	1535	2689	2778	3878	3142	2625	45964	1911	7713	4937	4490	5285	13075	13737	8546	16214	7640	15385	8015	6794	11596	5138	3727	1597	2161	2055	3458	1443	1070	3956	1168	1257	1944	4013	4784	313	1574	1418	1680	3822	5587	8733	629	4137	3227	4163	12507	5908	3970	4550	8455	5201	8347	2626	8960	9115	21856	20483	8310	16472	11168	3193	15775	0	21041	8082	24964	9589	12989	17142
ENSG00000135387	CAPRIN1	11	7689	17101	15522	14975	11168	20787	22112	19459	15691	61752	60089	34400	51126	1692	51794	16608	10711	28518	33971	26868	32914	34535	27510	32789	28482	13103	11088	8470	11600	14391	18608	11723	7105	171714	7107	45209	25013	21590	24931	64336	35943	39363	55703	33890	65048	53085	43408	44111	38732	15623	9535	14315	7380	18007	5006	9648	17549	11806	6573	10346	11207	27778	617	7973	11692	15437	17698	39755	56933	7187	18523	30575	30646	40864	32642	17172	20706	28134	22610	28732	12360	31485	38201	44522	53031	55057	50401	41591	75312	31899	3	89906	34098	92771	23923	48846	77030
ENSG00000025434	NR1H3	11	4346	677	832	579	361	856	1168	1319	794	1587	1830	947	1660	166	1946	1257	936	1204	1314	1211	1321	1775	1203	1901	1892	917	642	677	655	1068	665	662	565	9072	303	3089	910	1678	1359	2555	2421	1186	2256	1685	2428	2759	1507	1947	2287	613	975	664	420	778	312	819	567	701	442	404	355	583	443	642	514	821	1959	935	1528	491	507	1842	1349	1796	2355	1872	1294	1193	885	1499	706	1574	1814	2201	2176	2799	2175	1961	2056	1357	0	3265	1152	5295	975	2413	3419
ENSG00000177119	ANO6	12	8235	10989	6701	7871	6852	11348	11694	7965	6895	24429	24294	17105	23703	1027	26435	6955	6269	16867	15026	11395	15876	13636	13750	15037	16134	4308	4522	3455	5474	6550	7301	4870	4117	79515	3687	20638	14855	12346	12531	22934	16408	19383	24623	12206	25049	20208	17106	17163	17954	6345	2786	6416	2306	8172	3007	2966	6222	7773	2766	5166	4598	10052	757	3728	5724	6358	7300	13285	32181	2673	5697	18268	11980	16928	13264	6410	9130	14630	10114	13892	7897	16320	18819	23500	26865	17932	20021	14705	9558	12000	2	41630	14695	50875	13007	22323	32365
ENSG00000135406	PRPH	12	4349	0	1	0	3	0	0	1	1	0	1	2	0	0	5	119	130	1	5	5	6	1	6	0	2	5	4	0	2	6	1	1	2	0	0	5	0	2	0	0	0	3	4	3	6	3	0	103	6	0	7	1	0	6	1	8	0	1	22	0	0	0	210	6	0	0	5	11	11	0	0	0	0	5	185	64	15	8	0	13	0	5	3	5	4	0	0	4	67	1	0	0	11	35	0	0	0
ENSG00000135486	HNRNPA1	12	5093	6026	5100	5609	3746	7322	8269	7826	5298	16962	13717	10232	14711	539	14942	5663	3399	9738	11112	8723	14539	11491	10107	11583	9909	5661	3925	4189	4302	5799	6906	4751	2233	56393	2948	14423	5622	7535	7222	17869	11697	13108	19203	14065	20642	18916	16518	15183	18576	4284	3755	5311	2861	6203	1684	3976	5013	4401	2663	3759	3611	9283	225	3245	5118	7256	5780	12742	30905	2133	9179	9393	12376	14926	11218	8435	9436	8112	6886	12750	4630	9877	12332	17638	13586	18545	17723	15920	29492	16505	2	24457	8505	31230	6624	18452	24534
ENSG00000155980	KIF5A	12	6261	117	88	201	81	116	184	202	97	279	141	240	346	37	286	158	1531	258	406	155	451	454	241	203	263	210	94	136	108	172	143	131	47	2326	43	359	158	145	212	394	271	395	405	374	323	514	447	1576	571	126	151	153	75	201	59	221	94	72	222	80	37	194	523	119	89	113	240	277	495	144	305	188	310	387	1855	1135	242	179	187	344	103	277	249	261	220	429	224	442	1943	172	1	418	144	1036	147	672	591
ENSG00000183735	TBK1	12	4762	3490	3090	4756	2952	11053	4850	2640	3453	20771	21386	11986	11379	654	13613	1882	1968	4860	14390	4583	9967	7941	14729	11913	4678	1595	1429	1629	3096	2257	3823	4487	1895	39305	2682	8688	4938	5391	5437	15888	9331	9630	17149	6592	20887	10206	11513	9393	6555	2832	790	1646	1287	3425	913	844	3828	2105	968	2238	4224	8892	258	1047	1968	1947	1557	8289	13307	450	3205	4563	4737	11922	4061	2565	7019	7300	5394	12465	3044	9630	10735	22991	24681	8910	15064	13353	16366	20636	2	28210	9790	27902	9871	17659	15658
ENSG00000110887	DAO	12	3883	5	3	0	4	1	0	1	3	8	4	15	17	11	33	0	538	8	40	9	20	4	21	8	6	6	7	3	18	8	5	10	5	55	0	22	3	2	0	0	3	3	4	14	29	22	2	603	5	2	10	0	5	21	2	19	3	0	66	2	3	4	291	27	2	0	0	14	0	56	33	8	16	3	653	320	12	18	0	31	6	22	12	27	4	2	12	9	232	14	0	26	5	54	2	31	21
ENSG00000214274	ANG	14	1430	89	183	43	32	172	203	92	85	392	217	133	539	48	242	209	154	242	219	222	112	179	144	236	116	143	67	73	100	213	91	97	38	1142	39	328	125	225	109	248	206	277	262	231	368	236	218	278	244	68	46	57	48	70	35	38	64	174	60	37	31	214	0	104	85	147	309	371	116	0	0	557	137	205	306	179	129	163	228	124	144	154	156	226	405	228	345	155	305	140	0	464	285	657	100	293	333
ENSG00000080815	PSEN1	14	9947	9064	14332	9337	8101	14564	17803	13514	17162	38761	54778	29652	44988	1975	55217	9107	9150	24547	30268	26107	17107	28432	23562	28070	23087	8847	6764	6100	12083	12165	15943	7801	6261	157145	6794	37185	20290	14562	20574	60158	34958	31826	43492	25125	49633	36591	30593	37227	21955	10275	6073	8348	5016	12387	3527	5148	12902	7512	4610	9221	11572	15428	216	6064	7036	8096	9778	19702	29818	3171	10492	16975	24638	29250	24508	10053	12774	29967	13961	17294	8800	25953	21587	37550	33961	38473	42626	22517	25510	18123	2	54580	22493	68995	18977	30852	60332
ENSG00000104133	SPG11	15	11853	45750	47489	41050	20440	51691	46976	49740	44277	132789	162519	90009	91285	8093	95773	33538	25594	69581	92200	78292	68307	90558	64341	98960	79330	34407	28185	23633	33201	38208	44773	26163	21019	512254	22331	136500	56311	57794	68074	168688	120827	82574	113568	98922	131471	107284	114476	78139	97017	30421	22678	28949	16197	34939	13699	21191	30833	19381	16699	22155	30532	44371	1385	26950	23925	32315	47473	78704	131797	12575	26940	54103	73179	112340	71958	36602	53734	84388	59846	67367	29402	76129	66077	118926	79189	120488	109124	97153	180836	81171	11	264090	59880	276528	67512	110861	208457
ENSG00000162063	CCNF	16	6309	459	545	434	304	463	842	768	565	1636	1300	748	1193	95	1202	1228	884	745	716	945	1182	1079	824	838	966	695	549	537	371	741	585	550	355	7833	179	1616	516	815	877	1358	1162	1194	1603	1503	1804	2183	1314	2002	2072	453	713	423	376	541	215	830	439	306	393	267	233	853	641	639	469	788	1394	1523	2004	435	797	821	1325	1260	2469	2131	762	644	907	1000	410	941	1014	919	1031	1798	1180	1906	2829	1072	0	2658	961	3064	521	1434	2502
ENSG00000089280	FUS	16	7218	25040	24545	18756	20013	14295	37574	32136	22740	69839	65954	42838	69892	2851	51787	24423	12119	38378	44872	41040	42123	55927	27414	37738	50319	25686	18047	17250	19695	23992	31240	10787	11055	246283	11146	74677	26074	30094	37371	83379	64078	47862	68231	54298	77031	75013	62734	63711	65699	19468	18595	23404	13034	22899	7361	18693	22666	15541	11790	15577	16549	36737	483	15963	17179	19718	26373	51668	57780	9529	19457	30248	36706	62015	68936	34123	27675	35975	33320	33639	18867	40808	47725	43320	36273	83388	73188	56427	126051	30902	13	101179	44571	127542	25840	57870	105598
ENSG00000108518	PFN1	17	1987	96001	71872	38767	39940	67668	107940	66013	74846	197076	187093	83819	225757	4484	183789	78874	45635	89094	121654	113195	127434	132279	87531	119177	136667	53744	54055	44846	48909	72624	64298	55323	32798	516972	29298	180120	93933	87124	69753	202120	136318	127319	202383	160356	246420	174951	179774	125138	129022	46958	51878	46337	25505	57304	25400	50679	49459	31013	37885	38057	43600	54719	144	42919	33414	64018	116550	168514	203890	61395	95952	100199	111646	142717	173410	104711	96272	117721	93580	97171	55651	128751	106775	138913	159155	165714	207365	166479	84586	97785	22	420365	104886	358180	75216	182488	270088
ENSG00000172660	TAF15	17	5903	18146	15025	15677	15599	11564	26160	18294	13569	48621	46967	26161	46312	1755	45764	18041	7046	23688	30942	25838	37044	38594	21062	26942	28757	16701	11915	9583	12112	14959	24106	5575	7209	157243	7050	39226	18662	20382	23103	56825	37986	41862	54959	33604	64805	63288	54296	48863	49385	15606	12061	13903	7689	18090	4229	12287	18907	12393	6907	11233	11710	32343	828	9313	14369	13885	14443	37764	50923	5350	10914	23838	23988	41718	41415	25157	14415	22815	25999	22199	11163	22469	33910	27957	22401	52282	36809	36591	65643	21374	2	76231	22543	78027	15552	44120	65413
ENSG00000030582	GRN	17	3520	37970	109659	9796	18538	37096	77366	66802	40581	92746	168608	105505	327407	5531	180206	137769	32137	66067	54920	55324	30732	64178	29959	79313	90897	70786	71702	54511	80290	126222	40238	36736	41808	615143	20422	142065	114262	54671	89213	169316	114739	118985	129226	184167	175884	129588	65787	122732	138288	44824	79724	32269	37052	38648	33768	72573	46053	32540	38148	20974	27680	46520	432	49954	20876	47064	129395	112227	91182	56882	59401	114226	86092	61454	277757	136545	42399	61280	20518	26754	34818	97584	106653	92007	115681	154551	184563	75196	79258	27828	8	199794	175731	185041	50801	67368	177243
ENSG00000186868	MAPT	17	14924	152	170	107	67	138	195	214	131	347	232	206	203	17	320	387	830	232	400	244	296	271	264	168	352	104	96	103	91	147	175	112	72	1666	47	538	145	197	215	378	417	297	352	398	305	412	367	1156	430	112	198	135	68	183	56	194	91	50	190	62	67	139	465	122	76	162	192	350	430	146	167	143	269	361	1646	1051	243	264	191	280	133	228	262	291	212	269	307	422	685	187	0	569	176	966	114	352	369
ENSG00000124164	VAPB	20	10585	2393	2560	2256	1668	4073	2897	2992	2735	8555	8478	5631	7432	333	8149	1909	1643	4367	5771	4058	5361	5372	5037	4311	3437	1793	1515	1495	1844	2240	2837	2160	1072	21909	1519	6624	3049	2659	3563	10556	5784	5465	7249	5142	8921	6735	5962	6329	5483	1979	1638	1889	1281	2622	896	1785	2255	1214	961	1394	1696	3466	262	1367	1474	1758	2258	4560	6406	798	4816	2821	3707	5774	5173	3088	3211	3648	2869	4387	1606	4524	5098	6842	10184	7685	7554	5769	11180	5976	0	12269	4071	15819	4065	9057	11538
ENSG00000130477	UNC13A	19	11438	20	32	5	22	5	10	19	29	12	31	61	336	0	125	385	1688	34	134	40	111	24	146	21	37	83	40	33	46	92	12	53	38	111	36	50	0	22	28	53	25	39	53	81	132	67	54	2279	34	28	43	12	11	54	18	45	17	16	247	7	8	14	1783	61	6	23	76	48	78	274	151	48	195	35	2633	1359	99	67	5	145	14	91	36	78	50	41	49	25	1151	31	0	69	124	210	24	58	102
ENSG00000130203	APOE	19	2191	1	3	0	2	2	0	1	1	2	17	4	34	0	36	71	110	4	14	0	8	1	10	1	0	3	9	6	12	1	7	4	7	29	1	7	0	0	3	6	0	11	5	3	12	13	7	137	3	1	3	2	2	3	7	4	1	0	1	0	2	2	48	0	0	7	0	0	5	123	6	9	11	1	239	146	17	3	2	6	0	6	4	13	2	11	10	7	118	2	0	8	19	39	3	6	14
ENSG00000131408	NR1H2	19	3753	7865	12028	5055	4533	10695	10609	11110	11926	23495	27070	15953	23605	1160	30126	14319	7972	16085	14254	15414	13584	16054	11570	14408	18631	9961	8403	7857	9521	13655	9416	7603	7330	126679	4633	33196	13635	10934	13361	31567	27593	20607	24006	24980	31941	27317	17487	25136	23057	6538	11593	6966	6367	8705	4971	10357	7015	3584	6474	4185	4320	7380	375	7270	4243	9410	17371	18164	23193	9896	9544	11683	15905	18374	30442	19841	13015	14963	8191	13777	7600	25177	22677	28637	26450	32440	37616	24967	32783	17296	0	40992	15664	58411	12451	21910	45459
ENSG00000250479	CHCHD10	22	1360	1632	943	895	443	1408	1196	1386	951	3309	2544	1248	2787	93	2641	3445	882	1638	1686	1564	2846	2245	1762	2215	1907	2069	1489	1226	1103	1868	1090	1994	732	11677	570	4071	1515	1777	1250	2847	2184	2236	3008	4208	4504	3699	2961	2376	3230	904	1430	945	708	867	656	1575	872	525	1358	368	537	1383	106	1321	624	2178	4295	6691	2780	2249	2578	1818	2155	2507	5058	3656	3040	1242	1164	3005	743	2429	2556	4849	3675	4781	4563	3789	10186	2346	1	5433	1750	8124	1473	3548	3533
ENSG00000182944	EWSR1	22	10327	24532	39787	22941	17104	25917	38442	41044	29307	90038	95841	59490	77846	3210	78194	61117	16388	45589	52528	46941	51572	60831	41121	50329	57232	39238	26837	27272	30817	42331	32147	20298	18626	324418	14716	83541	37917	33527	40019	109248	71272	60490	84620	79577	92911	85131	63379	74439	84747	24191	34169	25645	21266	28768	13302	32435	28117	15170	18954	15130	16538	33339	561	26039	16454	24763	56192	57020	75717	24539	40047	39450	52041	68625	101016	71044	33384	45173	34091	45607	21803	52215	56110	69034	55492	99586	83066	70305	109411	49763	4	129650	42154	158507	35740	79274	130138
ENSG00000100285	NEFH	22	3783	183	286	118	161	87	165	308	228	561	682	287	752	30	558	685	761	258	352	175	364	386	285	219	258	313	350	195	286	274	162	105	166	1520	117	599	263	99	161	626	241	323	433	480	674	534	397	1248	466	274	453	183	356	284	118	521	193	50	236	147	152	242	390	169	113	99	171	305	620	210	293	138	540	382	2732	1702	184	246	278	230	148	220	419	326	292	689	401	514	752	188	0	741	412	889	127	389	557
ENSG00000142192	APP	21	6349	11842	12515	5835	6722	8945	12816	12682	5398	24234	30543	21367	53244	1308	35968	22731	5935	18037	11404	14188	11737	13867	8829	15365	22401	17263	18043	8639	10695	19294	10389	7958	8623	104711	3531	23925	14364	11570	15784	24779	21456	21563	24519	28435	23513	27226	25696	14342	37713	8654	8921	8802	6196	9070	7008	9232	9478	9308	9518	5554	6508	9871	448	8021	6581	11352	18587	21376	30735	8321	15020	25740	23754	16593	49398	20150	8136	11942	10401	9283	7121	13179	19722	15171	20203	20621	23099	15776	12746	10465	2	38076	30182	44924	9961	15891	33031
ENSG00000142168	SOD1	21	2019	3767	3655	8582	3742	8378	9363	7444	3627	17852	14815	9042	10733	191	14487	8559	3270	8835	13288	10762	20954	11345	16743	12969	11433	5616	3831	5712	4834	7824	6497	9694	2673	68555	1865	13953	9132	9726	6810	14064	13898	12817	24137	17177	24917	21469	20026	12661	18224	5016	1988	5485	2629	6571	1773	1843	5085	3845	3368	4629	3607	10588	336	4629	5985	8252	7378	14549	13424	3602	16103	7147	11148	14817	8702	7945	10622	9542	7846	21587	5001	10541	13905	24103	26540	14061	16328	14969	34282	19892	1	26372	10164	27374	9412	22767	19021
ENSG00000160226	C21orf2	21	6063	942	939	644	302	840	848	1643	919	2598	2018	1258	950	236	1614	4429	716	1082	1204	1138	1547	1400	963	961	1769	1987	1155	1366	657	1837	938	1139	531	13285	311	3317	826	1141	1509	2901	1979	1894	1781	3780	2433	3863	2913	1998	3757	678	1899	970	734	644	550	1595	394	337	1502	358	321	573	159	1426	493	1403	3639	2132	2276	2493	1078	1264	1733	2130	4714	4411	1630	936	770	1946	802	1602	2344	2755	1562	3426	3244	3621	8539	2247	0	3786	1080	5543	973	2046	3407
